GRB Index,GRB Name,amplitude,alpha_1
0,050724,0.0198314474915508,3.234348214105112
1,060614,0.024801719303824438,2.8232483527234455
2,070714B,4.122366388254891e-06,1.869096031490732
3,150424A,1.678774006196279e-05,2.023792756986748
4,211211A,0.0118416264699871,2.79602280740438
5,,,
6,,,
7,071227,0.0013566731604755,3.091744671540789
